status,country,city,lat,lon,proxy,query,group
success,United Kingdom,Dundee,56.4597,-2.9775,False,193.60.161.100,control
success,Australia,Brisbane,-27.4683,153.0322,False,144.138.170.133,control
success,United States,Boston,42.3601,-71.0589,False,151.199.45.131,control
success,United States,Syracuse,43.0188,-76.165,False,141.149.187.165,control
success,Spain,Quismondo,40.1048,-4.3186,False,83.36.179.195,control
success,United States,Sturgeon Bay,44.8439,-87.3734,False,24.183.100.38,control
success,United States,Nashville,36.1671,-86.7861,False,68.252.50.194,control
success,Canada,Hamilton,43.2596,-79.7925,False,64.228.148.177,control
success,Puerto Rico,Lares,18.2947,-66.8771,False,65.23.230.146,control
success,Canada,Halifax,44.6344,-63.5822,False,129.173.172.152,control
success,Canada,Halifax,44.6643,-63.6002,False,142.227.233.1,control
success,United States,Seattle,47.4815,-122.246,False,76.223.78.139,control
success,United States,Franklin,35.9306,-86.8788,False,66.4.15.208,control
success,Poland,Warsaw,52.2299,21.0093,False,5.173.163.152,control
success,Ukraine,Kyiv,50.4501,30.5234,False,94.153.31.105,control
success,Ukraine,Ternopil,49.5535,25.5947,False,128.124.8.249,control
success,Ukraine,Kyiv,50.458,30.5303,False,80.84.189.180,control
success,Ukraine,Cherkasy,49.4345,32.0541,False,94.178.235.125,control
success,Poland,Warsaw,52.2378,20.9912,False,77.252.47.155,control
success,Ukraine,Boryspil,50.354,30.9523,False,91.226.252.96,control
success,Sweden,Uppsala,59.856,17.6403,False,130.238.65.18,control
success,United States,Washington,38.907,-77.0526,False,38.139.36.111,control
success,Germany,Giessen,50.5692,8.6489,False,134.176.66.174,control
success,Canada,Calgary,51.0857,-114.0234,False,68.146.114.91,control
success,United States,Anderson,34.5251,-82.6307,False,24.241.125.15,control
success,Puerto Rico,San Juan,18.4662,-66.1057,False,64.237.158.242,control
success,South Korea,Bucheon-si,37.4795,126.7852,False,61.102.45.248,control
success,United States,Havelock,34.8769,-76.9021,False,70.63.84.177,control
success,Russia,Moscow,55.7656,37.6147,False,213.184.130.110,control
success,United States,Eagle Mountain,40.3141,-112.0069,False,144.35.254.5,control
success,United Kingdom,London,51.5072,-0.127586,False,81.157.37.26,control
success,United States,Highland Park,40.4999,-74.4247,False,165.230.221.59,control
success,United States,New York,40.7128,-74.006,False,71.139.198.204,control
success,Singapore,Singapore,1.35208,103.82,True,91.124.169.113,control
success,Kazakhstan,Kokshetau,53.2852,69.3922,False,37.151.19.210,control
success,Poland,Gdynia,54.5172,18.5393,False,158.233.246.29,control
success,Ukraine,Kyiv,50.4501,30.5234,False,94.153.6.216,control
success,Ukraine,Kyiv,50.458,30.5303,False,37.57.177.188,control
success,Hong Kong,Hong Kong,22.3193,114.169,False,95.134.123.51,control
success,Italy,Genoa,44.4071,8.95,False,87.8.124.110,control
success,Ukraine,Kyiv,50.4501,30.5234,False,37.73.214.205,control
success,India,Jaipur,26.9136,75.7858,False,117.207.26.16,control
success,Ukraine,Kalynivka,49.4486,28.5227,False,194.50.125.227,control
success,United States,San Jose,37.3881,-121.8756,False,24.7.63.32,control
success,Ukraine,Odesa,46.4752,30.7338,False,195.138.74.133,control
success,Canada,Toronto,43.6694,-79.4018,False,128.100.69.57,control
success,United States,Mechanicsville,38.4292,-76.7245,False,71.252.120.200,control
success,United States,Phoenixville,40.1265,-75.5232,False,71.242.220.10,control
success,Chile,Antofagasta,-23.6464,-70.398,False,200.72.196.218,control
success,United States,Seattle,47.4815,-122.246,False,77.122.3.191,control
success,Ukraine,Lviv,49.8396,24.0297,False,188.163.8.247,control
success,Romania,Piatra Neamţ,46.9181,26.3721,False,2a02:2f08:103:a800:8174:5dbb:b168:f658,control
success,Ukraine,Kyiv,50.458,30.5303,False,176.100.15.190,control
success,Poland,Warsaw,52.2297,21.0122,False,77.254.14.224,control
success,Ukraine,Boryspil,50.354,30.9523,False,91.226.253.96,control
success,Ukraine,Kalynivka,49.4486,28.5227,False,194.50.125.239,control
success,United States,San Francisco,37.7201,-122.4414,False,69.149.104.1,control
success,Ukraine,Kyiv,50.458,30.5303,False,82.144.200.5,control
success,United States,San Antonio,29.4167,-98.5,False,172.202.173.230,control
success,United Kingdom,Banstead,51.3226,-0.197,False,86.128.6.236,control
success,United States,Lafayette,30.1597,-92.0258,False,68.11.154.7,control
success,United States,Centreville,38.8463,-77.4667,False,68.100.180.52,control
success,Denmark,Copenhagen,55.6922,12.5478,False,87.49.156.101,control
success,Poland,Warsaw,52.1916,20.9967,False,213.17.223.230,control
success,Canada,Edmonton,53.5639,-113.4033,False,174.3.111.148,control
success,Ukraine,Kyiv,50.458,30.5303,False,91.202.128.88,control
success,Japan,Minamiashigara,35.3206,139.1147,False,124.209.221.138,control
success,Russia,St Petersburg,59.8983,30.2618,False,92.100.54.170,control
success,United States,Toms River,39.9733,-74.248,False,72.68.66.184,control
success,Ukraine,Kyiv,50.4501,30.5234,False,88.154.154.64,control
success,United Kingdom,Derby,52.8901,-1.4522,False,2.223.74.252,control
success,United States,Douglasville,33.6992,-84.7478,False,24.98.15.53,control
success,United States,Marshall,44.4491,-95.7848,False,216.16.95.224,control
success,United States,Merrimack,42.8651,-71.4934,False,70.109.191.30,control
success,United States,Williamstown,39.6659,-74.9658,False,69.141.215.27,control
success,United Kingdom,West Byfleet,51.3382,-0.488,False,86.184.125.21,control
success,United States,Greenville,34.8308,-82.3507,False,96.37.73.26,control
success,Ukraine,Lviv,49.8396,24.0297,False,188.163.92.177,control
success,United States,Canton,42.2886,-83.4641,False,68.36.85.11,control
success,United States,Sultan,47.8626,-121.8165,False,169.204.229.46,control
success,United States,Austin,30.4032,-97.753,False,72.177.0.223,control
success,Australia,Perth,-31.9474,115.8648,False,58.173.21.63,control
success,United States,Ashburn,39.0438,-77.4874,False,209.183.32.50,control
success,United States,Madison,45.0097,-96.1959,False,64.8.148.98,control
success,Ukraine,Odesa,46.4752,30.7338,False,91.90.13.169,control
success,Canada,Edmonton,53.5639,-113.4033,False,174.3.102.6,control
success,Denmark,Copenhagen,55.6991,12.5798,False,193.88.8.188,control
success,Canada,Edmonton,53.5639,-113.4033,False,174.3.101.61,control
success,United States,Honesdale,41.5775,-75.2552,False,70.15.214.10,control
success,United States,Ackerman,33.3101,-89.1728,False,66.175.166.193,control
success,United States,Plainfield,40.6129,-74.416,False,96.242.16.51,control
success,United States,Batavia,42.9968,-78.1888,False,74.70.12.14,control
success,United States,Vineland,39.4826,-75.0027,False,173.72.63.183,control
success,United States,Milpitas,37.4361,-121.8952,False,67.188.232.5,control
success,United States,Ashburn,39.011,-77.4711,False,71.189.127.239,control
success,Ireland,Dublin,53.3586,-6.2483,False,89.101.84.179,control
success,Canada,Toronto,43.7493,-79.3908,False,174.138.212.157,control
success,United Kingdom,Cardiff,51.521,-3.2037,False,92.14.139.159,control
success,Türkiye,Istanbul,41.0146,28.9532,False,95.14.70.121,control
success,United States,Lansing,42.6791,-84.5767,False,68.32.191.205,control
success,United States,Olympia,47.1101,-122.775,False,174.61.222.61,control
success,United States,Elk Grove Village,42.0048,-87.9954,False,76.16.198.201,control
success,United States,Watertown,42.3725,-71.1814,False,50.198.120.29,control
success,Canada,Ottawa,45.3867,-75.7381,False,108.162.171.181,control
success,United States,Aberdeen,39.5125,-76.1806,False,74.106.228.244,control
success,United States,Chicago,41.945,-87.7996,False,99.90.196.227,control
success,Philippines,Bacoor,14.456,120.9401,False,49.144.29.26,control
success,United States,Dallas,32.7913,-96.8036,False,65.87.159.199,control
success,Germany,Hartha,51.0999,12.9706,False,84.182.11.206,control
success,Germany,Lichtenfels,50.1478,11.0525,False,84.182.21.173,control
success,Canada,Montreal,45.5542,-73.6117,False,24.201.120.174,control
success,The Netherlands,Wognum,52.6822,5.0154,False,130.37.94.193,control
success,South Korea,Seongnam-si,37.3668,127.107,False,210.211.89.126,control
success,United States,Alpharetta,34.024,-84.2396,False,24.98.242.7,control
success,United States,New York,40.7128,-74.006,False,71.240.38.166,control
success,Germany,Osterholz-Scharmbeck,53.2277,8.801,False,84.189.235.200,control
success,The Netherlands,Bergen,52.6656,4.7023,False,82.72.153.145,control
success,Finland,Vihti,60.4335,24.338,False,213.186.239.196,control
success,Russia,Tyumen,57.1522,65.5272,False,85.140.118.75,control
success,United Kingdom,City of London,51.5121,-0.0005238,False,207.127.241.2,control
success,United States,Boston,42.3601,-71.0589,False,71.243.18.252,control
success,United States,Omaha,41.2822,-96.1874,False,204.11.176.154,control
success,Canada,Cowansville,45.2061,-72.7484,False,64.228.183.172,control
success,United States,Broomfield,39.9217,-105.144,False,67.31.3.20,control
success,Romania,Timișoara,45.7537,21.2257,False,81.196.133.124,control
success,Germany,Dortmund,51.4925,7.39489,False,149.225.56.174,control
success,Germany,Plauen,50.4894,12.1737,False,217.232.108.186,control
success,Japan,Matsue,35.4785,133.0489,False,218.110.250.116,control
success,Switzerland,Neuchâtel,46.9904,6.9339,False,130.125.105.20,control
success,France,Paris,48.8575,2.35138,False,195.6.39.110,control
success,Germany,Munich,48.1475,11.5865,False,129.187.244.28,control
success,Taiwan,Hsinchu,24.7744,120.943,False,210.60.55.9,control
success,New Zealand,Auckland,-36.7846,174.753,False,203.79.114.232,control
success,Romania,Bucharest,44.4321,26.105,False,81.181.88.232,control
success,Romania,Cluj-Napoca,46.7656,23.5945,False,193.226.4.163,control
success,Sweden,Stockholm,59.3326,18.0651,False,81.170.155.41,control
success,Romania,Bucharest,44.4321,26.105,False,81.181.88.169,control
success,Croatia,Zagreb,45.8293,15.9793,False,193.198.213.18,control
success,Canada,Kingston,44.2569,-76.4717,False,130.15.98.14,control
success,Romania,Oradea,47.0479,21.9189,False,81.196.254.131,control
success,Romania,Bucharest,44.4794,26.1022,False,193.230.162.5,control
success,Germany,Hanover,52.3352,9.71732,False,195.37.205.11,control
success,United States,Buffalo,42.9767,-78.7959,False,128.205.248.234,control
success,United States,Buffalo,42.9767,-78.7959,False,128.205.249.187,control
success,United States,Washington,38.9074,-77.0717,False,141.161.70.78,control
success,Germany,Forchheim,49.7173,11.0506,False,80.136.213.171,control
success,United States,Flowery Branch,34.1851,-83.9252,False,66.20.28.21,control
success,Portugal,São Martinho do Porto,39.5118,-9.1308,False,84.90.18.89,control
success,United States,Phoenix,33.491,-112.2491,False,67.135.148.79,control
success,Poland,Krakow,49.998,19.9981,False,195.150.233.11,control
success,Germany,Chemnitz,50.8191,12.9419,False,134.109.132.160,control
success,Poland,Nowogard,53.6689,15.1134,False,83.16.235.166,control
success,United Kingdom,Manchester,53.5039,-2.1959,False,86.135.223.169,control
success,United States,Brookfield,41.8209,-87.8515,False,71.201.226.4,control
success,United States,La Vista,41.1839,-96.0311,False,205.202.240.104,control
success,United States,New York,40.7128,-74.006,False,209.244.188.196,control
success,Canada,Toronto,43.6447,-79.3838,False,207.112.30.60,control
success,Sweden,Gävle,60.6741,17.1483,False,83.137.8.60,control
success,Canada,Vancouver,49.2155,-123.1427,False,135.0.167.2,control
success,Germany,Hanover,52.3759,9.73201,False,88.70.230.93,control
success,United Kingdom,London,51.5072,-0.127586,False,82.132.249.59,control
success,United Kingdom,London,51.5072,-0.127586,False,92.6.95.209,control
success,United States,Phoenixville,40.1265,-75.5232,False,74.109.10.155,control
success,United Kingdom,London,51.5072,-0.127586,False,92.4.158.211,control
success,United Kingdom,Newbury,51.4167,-1.31975,False,212.137.36.230,control
success,United Kingdom,City of London,51.4998,-0.011072,False,92.4.150.139,control
success,United States,Columbus,39.9508,-82.9329,False,99.72.108.237,control
success,United States,Watertown,44.9048,-97.1243,False,129.101.45.139,control
success,United Kingdom,Grantham,52.9095,-0.6456,False,86.31.111.179,control
success,Australia,Sydney,-33.8681,151.1967,False,203.206.76.42,control
success,United States,Newark,40.7597,-74.1836,False,68.196.156.221,control
success,United Kingdom,Camden,51.5435,-0.1733,False,82.32.190.167,control
success,United Kingdom,City of London,51.5121,-0.0005238,False,62.25.109.197,control
success,The Netherlands,Amersfoort,52.1592,5.3849,False,77.164.74.49,control
success,United States,Loganville,33.839,-83.9007,False,75.36.145.155,control
success,United States,New York,40.7128,-74.006,False,208.54.192.190,control
success,Malaysia,Kampung Baru Balakong,3.02938,101.747,False,183.171.98.130,control
success,Latvia,Riga,56.9473,24.0979,False,188.112.133.247,control
success,United States,Lubbock,33.5911,-101.936,False,50.27.3.159,control
success,Brazil,Rio de Janeiro,-22.9072,-43.1883,False,179.218.132.192,control
success,Germany,Storkow,52.2878,13.8988,False,80.128.44.46,control
success,United States,Bend,44.0944,-121.2863,False,72.0.169.227,control
success,United States,Seattle,47.6062,-122.332,False,98.117.156.103,control
success,United States,Pembroke Pines,25.9912,-80.4056,False,69.180.125.137,control
success,United States,Oklahoma City,35.4471,-97.5595,False,66.210.182.3,control
success,United Kingdom,Hoddesdon,51.7594,-0.0168,False,194.74.176.98,control
success,Sweden,Helsingborg,56.045,12.6923,False,81.170.153.22,control
success,United Kingdom,Camden,51.5435,-0.1733,False,86.130.54.113,control
success,Spain,Madrid,40.3907,-3.6997,False,85.54.80.106,control
success,Poland,Kryniczno,51.2022,17.0426,False,80.50.133.73,control
success,United States,Minneapolis,44.9764,-93.224,False,134.84.5.107,control
success,Ukraine,Lviv,49.8396,24.0297,False,188.163.4.214,control
success,United Kingdom,Bolton,53.5504,-2.5181,False,2a02:c7d:a1b2:5800:f52b:f15f:8312:d950,control
success,United States,Albuquerque,35.1871,-106.6659,False,209.189.162.64,control
success,Canada,Toronto,43.709,-79.4057,False,206.130.173.55,control
success,Canada,Vancouver,49.2155,-123.1427,False,96.49.78.54,control
success,United States,Riverside,33.9388,-117.416,False,66.215.84.69,control
success,Canada,Alliston,44.1492,-79.8685,False,99.232.186.156,control
success,United States,Little Rock,34.7867,-92.3969,False,66.32.144.148,control
success,United States,Newark,40.7641,-74.1654,False,24.185.133.119,control
success,United States,Phillipsburg,40.6937,-75.1902,False,204.186.234.250,control
success,United States,Chicago,41.8486,-87.6288,False,216.47.142.240,control
success,Ukraine,Odesa,46.4752,30.7338,False,91.90.15.34,control
success,United States,Oakland,37.7834,-122.1862,False,69.209.199.131,control
success,Japan,Inashiki,35.9216,140.2942,False,114.17.235.146,control
success,United States,Los Angeles,34.1004,-118.2946,False,2603:8000:d300:d0f:e4d7:cd24:928d:1c95,control
success,South Africa,Port Elizabeth,-33.9506,25.6228,False,41.246.128.43,control
success,United States,New York,40.7128,-74.006,False,64.129.80.129,control
success,Latvia,Riga,56.9473,24.0979,False,83.99.244.75,control
success,Vietnam,Da Nang,16.0685,108.2215,False,2402:800:6294:2af2:51b3:f466:163f:ff18,control
success,United States,Minneapolis,44.9689,-93.2843,False,24.7.195.195,control
success,Poland,Gdansk,54.3775,18.6258,False,89.64.153.153,control
success,United States,Potsdam,44.6611,-74.9708,False,209.23.49.180,control
success,United States,New York,40.7653,-73.9589,False,24.90.103.25,control
success,Ukraine,Dnipro,48.4604,35.033,False,213.110.96.153,control
success,Ukraine,Mykolayiv,46.9674,32.0037,False,109.104.160.46,control
success,United Kingdom,Bolton,53.5866,-2.4354,False,2a02:c7f:b8f8:f700:f512:9886:f480:d13a,control
success,France,Châtillon,48.801,2.29403,False,80.8.36.65,control
success,Germany,Frankfurt am Main,50.1109,8.68213,False,82.82.120.181,control
success,United Kingdom,Whitley Bay,55.0345,-1.4285,False,217.44.132.248,control
success,United States,Town and Country,38.0709,-92.4747,False,68.188.82.194,control
success,United States,Austin,30.2707,-97.7524,True,69.167.24.31,control
success,United Kingdom,Dungannon,54.5034,-6.7672,False,86.185.79.116,control
success,Ukraine,Novovolynsk,50.7253,24.166,False,46.200.52.64,control
success,Canada,Edmonton,53.4612,-113.4145,False,142.179.235.195,control
success,United States,Memphis,35.0761,-89.8547,False,96.4.163.65,control
success,Canada,Scarborough,43.7987,-79.3219,False,209.141.160.49,control
success,United Kingdom,Greenford,51.5263,-0.3559,False,86.130.127.112,control
success,Russia,Tula,54.2047,37.6096,False,176.213.63.96,control
success,Russia,Maykop,44.6038,40.1017,False,85.174.250.7,control
success,Russia,Moscow,55.7714,37.5989,False,46.16.176.34,control
success,Poland,Warsaw,52.2299,21.0093,False,193.104.170.5,control
success,United States,Chicago,41.8781,-87.6298,True,81.171.98.144,control
success,Russia,Perm,58.0047,56.2514,False,93.80.11.233,control
success,Russia,Tyumen,57.1553,65.5619,False,89.178.169.243,control
success,United Kingdom,Liverpool,53.4174,-2.9112,False,82.47.123.63,control
success,The Netherlands,Schiphol-Rijk,52.2773,4.74898,False,213.46.156.59,control
success,Ukraine,Lviv,49.8397,23.9944,False,80.77.35.204,control
success,United States,Charleston,38.4096,-81.6747,False,184.14.37.62,control
success,United States,El Paso,31.7078,-106.3238,False,72.183.52.92,control
success,Germany,Chemnitz,50.8295,12.9024,False,92.206.128.191,control
success,Germany,Hamburg,53.5991,10.0267,False,77.1.0.84,control
success,Iceland,Hafnarfjordur,64.0677,-21.9453,False,85.220.65.176,control
success,United Kingdom,Neath,51.6668,-3.7895,False,81.159.126.222,control
success,United Kingdom,Alfreton,53.0938,-1.3827,False,81.154.52.163,control
success,Czechia,Olomouc,49.5864,17.2537,False,2a00:1028:83cc:42d2:a9df:5ff4:ced0:951d,control
success,Canada,St. Catharines,43.1482,-79.2645,False,209.159.179.46,control
success,United Kingdom,Bournemouth,50.7626,-1.8142,False,92.25.7.250,control
success,Romania,Piatra Neamţ,46.9181,26.3721,False,2a02:2f08:103:a800:10ae:407e:e071:3e64,control
success,Ukraine,Lviv,49.8396,24.0297,False,188.163.35.155,control
success,Ukraine,Chernivtsi,48.2932,25.9448,False,176.120.51.201,control
success,Ukraine,Kyiv,50.4501,30.5234,False,46.211.140.235,control
success,Ukraine,Mykolayiv,46.9674,32.0037,False,217.77.221.159,control
success,United Kingdom,Portsmouth,50.82,-1.0664,False,94.7.76.17,control
success,United Kingdom,Cupar,56.3197,-3.0051,False,2.24.98.224,control
success,Canada,Barrie,44.3546,-79.6889,False,99.233.190.72,control
success,United States,Atlanta,33.7488,-84.3877,False,2602:306:36ed:42c0:984d:86e6:92ef:fbe0,control
success,Russia,Krasnoyarsk,56.0267,92.9077,False,178.169.93.189,control
success,Chile,Temuco,-38.7315,-72.5992,False,181.161.181.129,control
success,Australia,Melbourne,-37.8159,144.9669,False,180.149.192.134,control
success,India,Pune,18.5204,73.8567,False,49.200.243.117,control
success,India,Guwahati,26.1885,91.7392,False,115.242.162.64,control
success,China,Chongqing,29.5657,106.551,False,14.106.69.245,control
success,Sweden,Gothenburg,57.7065,11.967,False,213.112.73.207,control
success,United States,De Pere,44.4489,-88.0604,False,174.102.177.115,control
success,Russia,Kazan',55.785,49.1178,False,188.234.20.7,control
success,United States,Redmond,47.6711,-122.1253,False,50.46.245.232,control
success,Canada,Lethbridge,49.6506,-112.8372,False,96.51.75.106,control
success,Russia,Moscow,55.7558,37.6173,False,217.23.69.206,control
success,Ukraine,Simferopol,44.9607,34.1051,False,88.135.114.217,control
success,Russia,St Petersburg,59.8983,30.2618,False,213.170.65.38,control
success,Bosnia and Herzegovina,Banja Luka,44.7715,17.1898,False,94.250.116.41,control
success,Russia,Moscow,55.7487,37.6187,False,95.72.210.189,control
success,United Kingdom,Leatherhead,51.2965,-0.3338,False,86.29.69.102,control
success,Greece,Heraklion,35.3272,25.1371,False,147.95.121.102,control
success,Canada,Woodstock,43.1407,-80.7344,False,23.251.167.163,control
success,Russia,Uzlovaya,53.988,38.1669,False,94.28.167.110,control
success,United States,Southington,41.6047,-72.8813,False,68.9.27.99,control
success,Serbia,Kraljevo,43.7224,20.6831,False,95.180.69.252,control
success,Ireland,Dublin,53.3409,-6.3403,False,109.255.139.0,control
success,United States,Cliffside Park,40.8177,-73.9771,False,69.74.130.9,control
success,Italy,Rome,41.8905,12.5127,False,188.217.97.210,control
success,United Kingdom,Sunderland,54.9001,-1.4211,False,86.6.138.128,control
success,Poland,Łomża,53.1781,22.0593,False,178.235.183.165,control
success,United States,Olney,39.1585,-77.0837,False,108.51.133.164,control
success,France,Paris,48.8558,2.3494,False,92.163.103.157,control
success,United States,Boston,42.3601,-71.0589,False,71.100.84.44,control
success,New Zealand,Auckland,-36.8542,174.764,False,122.60.38.82,control
success,Japan,Minato-ku,35.6552,139.761,False,126.81.39.141,control
success,United States,Montgomery,32.4033,-86.2383,False,132.3.57.81,control
success,United States,Pleasanton,37.6652,-121.8734,False,99.101.142.125,control
success,Canada,Lévis,46.6839,-71.3834,False,76.68.251.46,control
success,Germany,Cottbus,51.7671,14.3495,False,178.5.238.52,control
success,Ireland,Dublin,53.3382,-6.2591,False,109.77.166.108,control
success,Latvia,Daugavpils,55.8822,26.5268,False,81.198.155.62,control
success,Israel,Tel Aviv,32.0804,34.7807,False,109.66.145.70,control
success,Ireland,Dublin,53.323,-6.3159,False,109.79.104.96,control
success,Canada,Durham-Sud,45.6694,-72.3281,False,50.100.123.207,control
success,Dominican Republic,Santo Domingo,18.4615,-69.8965,False,190.166.6.172,control
success,Belarus,Vitebsk,55.191,30.1984,False,46.53.176.73,control
success,Australia,Wamboin,-35.2547,149.3327,False,60.224.126.67,control
success,Russia,St Petersburg,59.8983,30.2618,False,5.18.114.225,control
success,United States,La Verne,34.1008,-117.7678,False,71.110.129.100,control
success,United States,Hastings,44.7433,-92.8524,False,71.34.62.53,control
success,Canada,Joliette,46.0166,-73.4483,False,24.201.216.214,control
success,Turkmenistan,Ashgabat,37.9601,58.3261,False,217.174.237.135,control
success,United Kingdom,London,51.5182,-0.120965,False,195.216.6.73,control
success,United Kingdom,Sheffield,53.5088,-1.6274,False,2.30.195.50,control
success,Bulgaria,Sofia,42.6826,23.3223,False,78.90.203.18,control
success,Russia,Volgodonsk,47.5157,42.1502,False,95.220.178.10,control
success,Russia,Moscow,55.7487,37.6187,False,89.189.103.221,control
success,Canada,Montreal,45.5457,-73.5805,False,173.246.6.29,control
success,Russia,Krasnoyarsk,56.0359,92.8993,False,195.218.182.110,control
success,Russia,Krasnoyarsk,56.0359,92.8993,False,195.218.183.9,control
success,Sweden,Solna,59.3591,17.9951,False,81.228.133.14,control
success,Romania,Timișoara,45.7537,21.2257,False,2a02:2f09:41bf:ffff::4f72:2983,control
success,United States,Endicott,42.1506,-76.0551,False,74.67.117.50,control
success,China,Fuzhou,26.0614,119.3061,False,117.25.253.3,control
success,United States,Huachuca City,31.6279,-110.334,False,64.68.251.210,control
success,United States,Big Lake,45.3383,-93.7529,False,71.10.83.98,control
success,Estonia,Haapsalu,58.9429,23.5269,False,90.190.247.120,control
success,United States,Livonia,42.3975,-83.3733,False,2600:1007:b01a:1e4f:39a9:645b:d7cb:a6eb,control
success,Russia,Moscow,55.7993,37.5558,False,217.118.81.21,control
success,Italy,Rome,41.8905,12.5127,False,193.205.142.112,control
success,Russia,Moscow,55.7224,37.695,False,92.242.58.13,control
success,United States,New York,40.7128,-74.006,False,65.115.240.16,control
success,United States,Show Low,34.2998,-110.0,False,72.24.251.93,control
success,Germany,Hamburg,53.5991,10.0267,False,77.1.10.188,control
success,Pakistan,Hyderabad,25.3507,68.3534,False,182.182.32.240,control
success,Lithuania,Klaipėda,55.7158,21.111,False,78.58.188.56,control
success,Lithuania,Kaunas,54.905,23.9567,False,2001:778:200:2381:3591:e0c2:8403:8cc1,control
success,Finland,Helsinki,60.2473,25.0207,False,84.250.53.6,control
success,Canada,Toronto,43.6752,-79.3472,False,142.150.33.59,control
success,United States,Pacific,38.5438,-90.7106,False,138.129.14.39,control
success,Israel,Jerusalem,31.7674,35.2186,False,79.176.170.79,control
success,Australia,Sydney,-33.8672,151.1997,False,202.68.169.126,control
success,United Kingdom,Hemel Hempstead,51.7554,-0.487,False,92.40.249.104,control
success,United Kingdom,Sevenoaks,51.2707,0.1972,False,81.147.17.133,control
success,United States,Kansas City,39.1008,-94.5811,False,199.47.232.150,control
success,Canada,Toronto,43.6089,-79.5002,False,74.12.195.248,control
success,Ukraine,Rivne,50.6223,26.2396,False,193.104.16.75,control
success,Austria,Gratwein,47.1188,15.3116,False,62.47.120.190,control
success,Vietnam,Ho Chi Minh City,10.822,106.6257,False,222.255.207.131,control
success,United States,Elk River,45.3038,-93.5672,False,71.10.101.175,control
success,Pakistan,Hyderabad,25.3507,68.3534,False,182.182.67.40,control
success,United States,Austin,30.2106,-97.6625,False,207.80.9.249,control
success,United Kingdom,Norwich,52.6027,1.2542,False,139.222.237.180,control
success,Armenia,Yerevan,40.1814,44.5102,False,37.252.92.238,control
success,Luxembourg,Luxembourg,49.6113,6.1294,False,158.64.77.110,control
success,United Kingdom,London,51.5072,-0.127586,False,92.6.65.82,control
success,Russia,Moscow,55.7558,37.6173,False,85.26.231.103,control
success,Spain,Madrid,40.4092,-3.6455,False,84.127.205.18,control
success,Russia,Marfino,55.725,37.3972,False,185.11.132.11,control
success,The Netherlands,Rotterdam,51.9617,4.5476,False,24.132.189.123,control
success,Switzerland,Emmenbrücke,47.0804,8.2626,False,178.196.138.68,control
success,Singapore,Singapore,1.35208,103.82,False,178.92.146.174,control
success,Ukraine,Kyiv,50.458,30.5303,False,91.202.72.98,control
success,Italy,Naples,40.8449,14.2716,False,2.226.227.82,control
success,United States,Fort Worth,32.9074,-97.4257,False,12.235.74.130,control
success,United States,San Jose,37.2318,-121.782,False,216.177.129.194,control
success,Honduras,Tegucigalpa,14.0828,-87.2041,False,190.53.77.215,control
success,Canada,Midland,44.7529,-79.8866,False,65.94.50.4,control
success,Russia,Moscow,55.6897,37.5505,False,217.117.125.87,control
success,South Africa,Johannesburg,-26.2041,28.0473,False,105.228.16.191,control
success,The Netherlands,Amsterdam,52.3759,4.8975,False,146.50.214.240,control
success,United Kingdom,Hackney,51.5384,-0.039,False,109.153.20.183,control
success,United States,Sunnyvale,37.3974,-122.001,False,24.7.113.79,control
success,Russia,Zheleznodorozhnyy,55.7439,37.9908,False,85.90.120.180,control
success,Russia,Moscow,55.7993,37.5558,False,217.118.81.17,control
success,The Netherlands,Zaandam,52.4363,4.8277,False,77.251.48.165,control
success,Russia,Moscow,55.7993,37.5558,False,217.118.81.18,control
success,Russia,Moscow,55.7993,37.5558,False,217.118.81.26,control
success,United States,Albuquerque,35.1871,-106.6659,False,76.113.52.10,control
success,United Kingdom,Hackney,51.5597,-0.0528,False,86.166.167.13,control
success,Lithuania,Vilnius,54.6876,25.2806,False,78.60.192.51,control
success,Canada,Medicine Hat,49.8375,-110.5161,False,24.64.64.244,control
success,Ukraine,Kostyantynivka,48.5229,37.7047,False,193.227.250.246,control
success,United States,New York,40.7492,-73.9675,False,157.150.192.237,control
success,France,Clermont-Ferrand,45.7838,3.0966,False,195.221.111.44,control
success,Luxembourg,Wecker,49.6947,6.38525,False,87.240.238.208,control
success,Italy,Brescia,45.5336,10.2194,False,79.20.66.23,control
success,Canada,Guelph,43.5647,-80.2981,False,199.7.137.211,control
success,United States,Omaha,41.2592,-96.1722,False,98.179.12.2,control
success,Cyprus,Limassol,34.6874,33.0366,False,46.251.115.238,control
success,New Zealand,Auckland,-36.8504,174.7675,False,103.16.180.137,control
success,Ukraine,Kyiv,50.4501,30.5234,False,80.77.39.138,control
success,United States,Carrollton,33.5815,-85.0803,False,24.197.150.207,control
success,Germany,Berlin,52.52,13.405,False,89.204.138.77,control
success,United States,Minneapolis,44.9764,-93.224,False,97.116.73.93,control
success,United States,Danville,44.4115,-72.1401,False,50.139.189.20,control
success,United Kingdom,Llanelli,51.7558,-4.1127,False,86.143.216.39,control
success,Poland,Częstochowa,50.83,19.1009,False,85.202.152.211,control
success,Canada,Gananoque,44.3322,-76.1676,False,76.71.78.99,control
success,Canada,Burnaby,49.203,-122.9914,False,142.33.132.44,control
success,Poland,Częstochowa,50.83,19.1009,False,85.202.155.245,control
success,United States,Hoboken,40.7424,-74.0325,False,155.246.121.113,control
success,Russia,Moscow,55.7487,37.6187,False,46.39.35.86,control
success,United States,Tysons Corner,38.9249,-77.2367,False,72.37.249.132,control
success,United States,Kearny,40.7643,-74.148,False,173.70.207.122,control
success,Poland,Warsaw,52.2297,21.0122,False,217.99.109.240,control
success,Serbia,Novi Sad,45.25,19.8362,False,188.2.93.233,control
success,Germany,Frankfurt am Main,50.1103,8.7147,False,193.111.250.243,control
success,Poland,Oława,50.9415,17.3018,False,195.68.232.103,control
success,United Kingdom,Manchester,53.4808,-2.24263,False,213.138.112.22,control
success,Canada,Laval,45.6187,-73.7867,False,70.81.186.161,control
success,Ukraine,Odesa,46.4752,30.7338,False,62.16.4.21,control
success,Poland,Warsaw,52.2317,21.1039,False,194.183.32.21,control
success,Germany,Berlin,52.5203,13.3849,False,141.20.150.230,control
success,Australia,North Sydney,-33.8392,151.207,False,202.4.81.78,control
success,Denmark,Vejle,55.7082,9.5299,False,178.155.235.207,control
success,Ukraine,Khmelnytskyi,49.4195,26.9959,False,78.25.13.193,control
success,Germany,Fulda,50.5338,9.6975,False,91.48.212.187,control
success,Australia,Melbourne,-37.7366,145.1509,False,203.41.14.60,control
success,Australia,Brisbane,-27.4683,153.0322,False,210.18.215.146,control
success,Canada,Guelph,43.5698,-80.2421,False,99.225.193.121,control
success,Russia,Dolgoprudny,55.9389,37.5085,False,93.175.2.76,control
success,Poland,Warsaw,52.2297,21.0122,False,212.76.33.69,control
success,United States,McLean,38.9195,-77.2197,False,67.102.96.47,control
success,United Kingdom,Holbeck,53.7836,-1.56791,False,80.229.156.224,control
success,United States,Lodi,38.1228,-121.2543,False,69.228.132.158,control
success,France,Aurillac,44.9192,2.4429,False,82.126.103.15,control
success,Brazil,São Paulo,-23.5505,-46.6333,False,88.105.201.162,control
success,Bulgaria,Dimitrovgrad,42.0483,25.5971,False,83.148.84.117,control
success,United Kingdom,Farnborough,51.2887,-0.7957,False,141.197.10.191,control
success,Canada,Edmonton,53.6334,-113.5239,False,68.148.110.187,control
success,Singapore,Singapore,1.283,103.833,False,172.188.244.74,control
success,United States,Oakland,37.7834,-122.1862,False,69.209.168.12,control
success,Japan,Shimorenjaku,35.6879,139.538,False,219.166.46.101,control
success,Switzerland,Gebenstorf,47.4816,8.235,False,84.72.114.97,control
success,United States,Atlanta,33.8975,-84.4646,False,64.207.0.66,control
success,United States,Indianapolis,39.7436,-86.1158,False,40.0.96.1,control
success,Germany,Aschaffenburg,49.9771,9.1314,False,80.142.255.44,control
success,United States,Plattsburgh,44.6996,-73.4473,False,137.142.123.159,control
success,Romania,Cluj-Napoca,46.7656,23.5945,False,78.97.219.239,control
success,United States,Shoshone,42.936,-114.4059,False,63.235.113.5,control
success,United States,Oxon Hill,38.8116,-76.9877,False,2600:1003:b100:3cba:e437:a6d9:3132:5937,control
success,United Kingdom,City of Westminster,51.5212,-0.1825,False,158.143.162.119,control
success,United States,New York,40.7128,-74.006,False,65.118.138.128,control
success,Romania,Piteşti,44.8493,24.8623,False,79.118.206.161,control
success,Russia,Moscow,55.7569,37.7005,False,128.69.29.227,control
success,Romania,Bucharest,44.4794,26.1022,False,193.231.183.45,control
success,Canada,Ottawa,45.3867,-75.7381,False,131.137.245.197,control
success,Brazil,Campos Eliseos,-23.5373,-46.6455,False,200.98.146.249,control
success,Moldova,Chisinau,47.0042,28.8574,False,217.26.170.103,control
success,Jersey,Saint Helier,49.188,-2.10491,False,62.68.169.218,control
success,Japan,Minato,35.6675,139.745,False,210.88.255.131,control
success,Australia,Melbourne,-37.8136,144.963,False,210.49.193.178,control
success,New Zealand,Auckland,-36.8504,174.7675,False,131.203.5.108,control
success,United Kingdom,Manchester,53.4744,-2.17471,False,212.69.231.226,control
success,United States,New York,40.7143,-74.0118,False,160.254.20.253,control
success,Ireland,Dublin,53.2918,-6.43111,False,194.125.182.36,control
success,United States,Fort Lauderdale,26.1148,-80.32,False,169.139.1.20,control
success,Austria,Vienna,48.2202,16.3529,False,80.122.113.134,control
success,United States,Englewood,39.6511,-104.9921,False,216.170.243.128,control
success,United States,New York,40.7306,-73.9915,False,152.163.100.131,control
success,United Kingdom,Cambridge,52.1929,0.1256,False,131.111.8.98,control
success,Sweden,Öjersjö,57.705,12.1187,False,213.66.208.163,control
success,United States,Buffalo,42.9436,-78.8369,False,128.205.163.96,control
success,United States,New York,40.7128,-74.006,False,65.138.136.230,control
success,United States,Austin,30.2427,-97.7217,False,68.233.64.232,control
success,Costa Rica,San José,9.93388,-84.0849,False,196.40.57.150,control
success,Israel,Yehud,32.0358,34.8886,False,62.219.173.74,control
success,United Kingdom,City of London,51.521,-0.0725806,False,83.228.182.52,control
success,United States,San Francisco,37.7879,-122.392,False,216.20.1.217,control
success,United States,Porterville,36.0652,-119.0168,False,206.78.5.172,control
success,United States,Erie,42.0982,-80.0861,False,64.83.156.26,control
success,Canada,Edmonton,53.5534,-113.4982,False,199.185.86.242,control
success,United Kingdom,Ealing,51.5113,-0.2714,False,86.10.40.202,control
success,China,Beijing,39.9288,116.3889,False,71.136.100.237,control
success,United States,Portland,45.5248,-122.6789,False,134.10.26.157,control
success,United States,Herndon,38.9251,-77.392,False,70.21.33.202,control
success,United Kingdom,Exeter,50.7374,-3.4708,False,109.154.197.139,control
success,United States,Reston,38.93,-77.35,False,100.36.27.61,control
success,The Netherlands,Zoetermeer,52.0429,4.4705,False,83.81.245.220,control
success,Canada,Barrie,44.3546,-79.6889,False,99.233.42.190,control
success,Poland,Lublin,51.2538,22.5361,False,83.28.180.93,control
success,United States,San Diego,32.7157,-117.161,False,72.129.10.87,control
success,Argentina,San Pedro,-33.6705,-59.6814,False,190.136.66.49,control
success,United Kingdom,Manchester,53.5123,-2.3143,False,87.80.244.89,control
success,United States,Broomfield,39.9217,-105.144,False,209.247.5.179,control
success,United States,Basye,38.8096,-78.7789,False,204.111.220.175,control
success,United States,East Lansing,42.7367,-84.4758,False,207.73.253.148,control
success,United States,Lincoln,40.8219,-96.6244,False,69.66.56.115,control
success,North Macedonia,Skopje,41.9959,21.4328,False,77.28.209.210,control
success,United States,Dallas,32.6621,-96.8399,False,76.183.57.229,control
success,United States,Landover,38.9206,-76.8787,False,66.250.190.114,control
success,Israel,Rishon LeTsiyyon,31.9642,34.7876,False,82.81.65.17,control
success,United States,Madison,43.0334,-89.4512,False,144.92.95.56,control
success,The Netherlands,Breda,51.6074,4.8027,False,82.217.242.154,control
success,Sweden,Gothenburg,57.6442,11.9332,False,217.215.138.2,control
success,United States,Middletown,41.4535,-74.4774,False,69.203.156.251,control
success,United States,Ann Arbor,42.2807,-83.7801,False,68.49.170.25,control
success,Austria,Vienna,48.2133,16.2966,False,84.113.214.122,control
success,Serbia,Novi Sad,45.25,19.8362,False,93.87.124.55,control
success,Russia,Maykop,44.6038,40.1017,False,94.233.165.33,control
success,United States,Newark,40.7399,-74.1691,False,12.249.123.42,control
success,Australia,St Leonards,-33.8234,151.194,False,101.170.85.79,control
success,Canada,Saint-Hubert,45.4915,-73.3989,False,65.94.181.118,control
success,United States,Daly City,37.6811,-122.4806,False,24.4.112.181,control
success,United Kingdom,Southend-on-Sea,51.5323,0.7101,False,81.157.214.216,control
success,United States,New York,40.7128,-74.006,False,71.99.104.88,control
success,Canada,Saulnierville,44.2663,-66.136,False,142.227.251.9,control
success,Canada,Saskatoon,52.1413,-106.6076,False,206.163.236.55,control
success,United Kingdom,Cardiff,51.4801,-3.1855,False,131.251.0.7,control
success,Canada,Edmonton,53.655,-113.3784,False,70.74.40.194,control
success,United States,Seattle,47.4815,-122.246,False,24.145.177.253,control
success,United States,Manitowoc,44.0986,-87.6782,False,24.118.34.154,control
success,Canada,Toronto,43.6532,-79.3832,False,24.83.153.16,control
success,Canada,Winnipeg,49.8666,-97.1957,False,206.45.104.20,control
success,United States,DeKalb,41.9295,-88.7504,False,98.193.69.159,control
success,United States,Lake Hopatcong,40.9564,-74.6246,False,24.44.76.15,control
success,United States,Allentown,40.5885,-75.4642,False,209.18.49.28,control
success,Canada,Edmonton,53.5534,-113.4982,False,199.185.67.20,control
success,Ukraine,Ivano-Frankivsk,48.9171,24.7158,False,93.175.202.30,control
success,Germany,Frankfurt am Main,50.1288,8.7034,False,188.102.40.148,control
success,Canada,Toronto,43.6458,-79.3878,False,74.216.81.125,control
success,United Kingdom,City of London,51.4998,-0.011072,False,79.67.101.204,control
success,United States,Woodbridge,38.6438,-77.3451,False,96.255.55.159,control
success,Italy,Chiuduno,45.6526,9.86,False,87.15.80.80,control
success,United States,Decatur,40.8272,-84.9366,False,173.30.161.15,control
success,Mexico,Querétaro City,20.5879,-100.3879,False,78.13.11.80,control
success,Australia,Brisbane,-27.3412,153.044,False,120.147.112.225,control
success,Norway,Stavanger,58.9731,5.7427,False,84.213.31.158,control
success,Pakistan,Rawalpindi,33.5973,73.0479,False,103.255.7.25,control
success,United States,Casa Grande,32.8946,-111.7493,False,2600:8800:801:560:102:3ae4:620a:ac20,control
success,United States,Youngsville,41.8538,-79.3168,False,173.246.254.136,control
success,Russia,Moscow,55.7269,37.479,False,94.141.255.191,control
success,Canada,Delta,49.0982,-123.0316,False,24.207.65.13,control
success,United States,Long Beach,33.7627,-118.1376,False,47.152.233.160,control
success,United States,Denver,39.7514,-105.002,False,208.81.184.4,control
success,Thailand,Samphanthawong,13.737,100.512,False,61.91.205.142,control
success,United States,Williston,48.2257,-103.6511,False,70.33.36.18,control
success,Russia,Lugansk,53.6244,77.5974,False,194.116.195.153,control
success,Greece,Acharnes,38.0832,23.7312,False,85.75.157.56,control
success,United States,Sterling,39.0054,-77.4457,False,195.93.21.97,control
success,Poland,Kielce,50.8777,20.6403,False,83.31.142.230,control
success,Canada,Regina,50.4245,-104.608,False,216.174.134.92,control
success,United States,Tyngsboro,42.6707,-71.4164,False,68.160.142.93,control
success,Germany,Regensburg,49.0144,12.0966,False,132.199.232.16,control
success,United States,New York,40.7653,-73.9589,False,24.90.99.18,control
success,Canada,Castlegar,49.2999,-117.6745,False,24.67.66.25,control
success,United States,Memphis,35.0345,-89.8829,False,66.192.132.10,control
success,Sweden,Södra Sandby,55.715,13.3275,False,130.235.10.242,control
success,Poland,Warsaw,52.2297,21.0122,False,212.76.33.68,control
success,United States,Anchorage,61.2049,-149.8096,False,69.178.43.25,control
success,United States,Alexandria,38.7591,-77.0924,False,68.100.115.9,control
success,United States,Aiken,33.5077,-81.6877,False,97.66.31.154,control
success,Finland,Pori,61.513,21.7643,False,178.55.0.64,control
success,The Netherlands,Naaldwijk,51.9968,4.2057,False,217.23.4.136,control
success,Ukraine,Lviv,49.8396,24.0297,False,188.163.109.24,control
success,Ukraine,Kyiv,50.4501,30.5234,False,46.211.117.85,control
success,Indonesia,Jakarta,-6.24164,106.835,False,103.10.65.119,control
success,Ukraine,Kyiv,50.458,30.5303,False,178.151.236.221,control
success,Canada,Mississauga,43.6098,-79.6724,False,142.112.224.170,control
success,United States,Missoula,46.8833,-114.02,False,69.51.81.131,control
success,United Kingdom,Settle,54.0687,-2.2643,False,81.155.70.165,control
success,United States,Buffalo,42.8991,-78.8804,False,128.205.91.164,control
success,United States,Hollister,36.6127,-93.2336,False,72.161.211.139,control
success,Turkey,Erzurum,39.9055,41.2658,False,85.107.168.111,control
success,Finland,Nykarleby,63.5168,22.5246,False,85.157.108.51,control
success,Iran,Tehran,35.6824,51.4158,False,86.104.234.46,control
success,United States,Portland,45.461,-122.7052,False,71.236.165.120,control
success,Canada,Winnipeg,49.9235,-97.0811,False,207.161.3.138,control
success,United Kingdom,Stafford,52.7273,-2.1735,False,62.253.64.7,control
success,Latvia,Daugavpils,55.8822,26.5268,False,78.84.37.136,control
success,Ireland,Dublin,53.3066,-6.296,False,83.70.244.237,control
success,United States,Greenwood Village,39.6029,-104.889,False,24.199.213.142,control
success,Brazil,São Paulo,-23.5505,-46.6333,False,88.104.107.122,control
success,Canada,Toronto,43.6532,-79.3832,False,72.251.79.28,control
success,Lithuania,Kaunas,54.9048,23.8958,False,88.118.168.34,control
success,United States,Louisville,38.269,-85.4934,False,74.134.230.234,control
success,Ukraine,Kyiv,50.4443,30.5108,False,195.5.20.25,control
success,Australia,Perth,-31.9521,115.851,False,203.173.51.36,control
success,United States,Dallas,32.9339,-96.828,False,69.93.63.178,control
success,Canada,Ajax,43.8386,-79.023,False,74.12.68.118,control
success,Australia,Melbourne,-38.1131,145.2775,False,124.190.40.8,control
success,Finland,Helsinki,60.1968,24.9608,False,128.214.107.187,control
success,Vietnam,Quận Ba,10.7766,106.69,False,210.245.31.249,control
success,United States,Staten Island,40.6002,-74.1469,False,24.168.23.128,control
success,Poland,Wroclaw,51.1285,17.0465,False,83.27.129.81,control
success,Denmark,Aarhus,56.1567,10.2153,False,130.225.29.254,control
success,United States,Sterling,39.0054,-77.4457,False,195.93.33.7,control
success,United States,Portland,43.6578,-70.2612,False,24.103.207.38,control
success,United Kingdom,Cambridge,52.2126,0.152,False,131.111.231.154,control
success,United States,Deltona,28.9025,-81.248,False,68.202.114.69,control
success,Canada,Madoc,44.5167,-77.4833,False,65.94.49.193,control
success,Bulgaria,Pleven,43.4126,24.6089,False,212.233.136.179,control
success,France,Bernis,43.7688,4.294,False,77.134.227.100,control
success,Italy,Palermo,38.1166,13.3636,False,95.131.40.100,control
success,United States,Little Rock,34.7867,-92.3969,False,69.86.17.138,control
success,United States,Palo Alto,37.4161,-122.146,False,161.114.142.51,control
success,United States,Cleveland,41.4993,-81.6944,False,208.11.222.136,control
success,United Kingdom,Leyland,53.6943,-2.6888,False,82.133.46.34,control
success,Israel,Rishon LeTsiyyon,31.9642,34.7876,False,62.219.155.196,control
success,United States,Miami,25.7617,-80.1918,False,195.167.169.36,control
success,United States,Saint Paul,44.9676,-93.1992,False,63.226.152.68,control
success,United States,Minneapolis,44.9764,-93.224,False,134.84.5.86,control
success,Bulgaria,Varna,43.2186,27.9123,False,213.240.192.212,control
success,Spain,Valladolid,41.6607,-4.7079,False,83.58.147.10,control
success,United States,Boulder,39.9932,-105.259,False,148.129.74.43,control
success,Ukraine,Kyiv,50.422,30.6426,False,91.209.51.138,control
success,Vietnam,Hanoi,21.0278,105.834,False,203.210.227.225,control
success,United States,Williamstown,42.7128,-73.203,False,137.165.200.34,control
success,Poland,Komorniki,52.3343,17.1121,False,62.21.42.61,control
success,Switzerland,Cheseaux-sur-Lausanne,46.5813,6.59539,False,213.244.195.9,control
success,United States,Ashburn,39.0438,-77.4874,False,68.23.42.218,control
success,United Kingdom,Stirling,56.0827,-3.9134,False,81.157.28.201,control
success,United States,Brooklyn,40.694,-73.9901,False,65.246.160.3,control
success,United States,Ashburn,39.0113,-77.4713,False,151.201.48.187,control
success,Canada,Kitchener,43.4595,-80.485,False,70.49.105.207,control
success,United States,Chicago,41.8781,-87.6298,False,66.87.25.252,control
success,Canada,Vancouver,49.4635,-122.822,False,128.189.147.85,control
success,United States,Purcellville,39.1434,-77.7129,False,65.216.160.6,control
success,United States,New York,40.7653,-73.9589,False,24.90.96.148,control
success,Canada,Brampton,43.7627,-79.7606,False,65.95.236.72,control
success,Singapore,Singapore,1.29199,103.807,False,58.185.104.71,control
success,Australia,Brisbane,-27.4644,153.0531,False,124.19.38.60,control
success,South Korea,Jungnang-gu,37.6046,127.0888,False,101.235.9.29,control
success,Slovenia,Ljubljana,46.0503,14.5046,False,193.77.222.171,control
success,United States,Middletown,41.5557,-72.6632,False,2601:181:4600:1708:355e:7b1d:d978:d279,control
success,Malaysia,Cyberjaya,2.9186,101.6639,False,2001:e68:60f6:bd01:1dfb:6a47:26f0:3c0f,control
success,Malaysia,Cyberjaya,2.9186,101.6639,False,115.132.14.71,control
success,United States,Graham,36.069,-79.4006,False,98.27.17.189,control
success,Canada,Toronto,43.7012,-79.3877,False,142.150.49.115,control
success,North Macedonia,Skopje,41.9965,21.4314,False,77.28.216.148,control
success,United States,Ashburn,39.0438,-77.4874,False,98.80.207.30,control
success,United States,Detroit,42.4257,-83.1522,False,155.139.3.129,control
success,Poland,Lublin,51.2348,22.5518,False,62.244.138.99,control
success,Switzerland,Gümligen,46.9319,7.5054,False,85.3.239.187,control
success,United States,Fresno,36.7402,-119.7734,False,71.142.15.58,control
success,United States,Seattle,47.4815,-122.246,False,69.22.77.194,control
success,United States,Boca Raton,26.4173,-80.0951,False,69.85.180.81,control
success,United States,Saginaw,43.4052,-83.9223,False,216.182.148.189,control
success,Croatia,Osijek,45.5473,18.6951,False,161.53.196.253,control
success,Canada,Regina,50.4517,-104.612,False,142.165.38.154,control
success,United States,Boydton,36.677696,-78.37471,False,74.235.108.132,control
success,Canada,Edmonton,53.655,-113.3784,False,198.53.66.57,control
success,Ukraine,Kyiv,50.458,30.5303,False,46.164.168.47,control
success,United Kingdom,Bradley Stoke,51.5485,-2.55766,False,213.205.224.98,control
success,United States,Grandview,32.2686,-97.183,False,67.212.16.183,control
success,Russia,Moscow,55.7487,37.6187,False,46.188.14.143,control
success,Russia,Syktyvkar,61.6638,50.8162,False,178.65.54.118,control
success,Belgium,Ghent,51.047,3.7206,False,78.22.132.22,control
success,Japan,Okayama,34.657,133.9436,False,121.111.125.182,control
success,United States,Cheyenne,41.1383,-104.8016,False,65.100.91.40,control
success,United States,Ukiah,39.1592,-123.1963,False,64.39.113.17,control
success,United States,Beaverton,45.4508,-122.7941,False,67.170.131.58,control
success,South Korea,Anyang-si,37.3881,126.936,False,118.129.154.34,control
success,Canada,Mississauga,43.5792,-79.6591,False,208.124.224.228,control
success,Canada,Montreal West,45.4523,-73.6532,False,132.205.103.68,control
success,United Kingdom,London,51.5072,-0.127586,False,82.132.249.44,control
success,Indonesia,Denpasar,-8.6683,115.2209,False,180.254.201.87,control
success,United States,Wheeling,40.064,-80.7209,False,168.216.133.7,control
success,United States,San Diego,32.9047,-117.199,False,63.241.40.126,control
success,Australia,Brisbane,-27.4428,152.9901,False,220.253.111.138,control
success,United Kingdom,Widnes,53.3497,-2.7266,False,86.129.60.185,control
success,United States,Chicago,41.9555,-87.6613,False,208.59.162.166,control
success,United States,Eagle Pass,28.7031,-100.4785,False,71.149.174.83,control
success,United States,Mentone,34.07,-117.1345,False,163.150.165.200,control
success,China,Shanghai,31.2222,121.4581,False,124.79.150.75,control
success,United Kingdom,Richmond,51.4345,-0.3048,False,82.16.122.103,control
success,United States,Ashburn,39.0438,-77.4874,False,98.82.114.135,control
success,United Kingdom,Newham,51.5277,0.0252,False,161.76.195.60,control
success,Canada,Lethbridge,49.6506,-112.8372,False,199.185.124.99,control
success,Turkey,Esenler,41.0605,28.8463,False,94.120.156.54,control
success,United States,Houston,29.8636,-95.2054,False,99.158.59.18,control
success,United States,Antioch,37.9648,-121.77,False,24.23.162.249,control
success,Brazil,Suzano,-23.6069,-46.3056,False,200.162.216.24,control
success,United States,Sonora,37.9998,-120.3267,False,76.114.47.189,control
success,United States,Chicago,41.9032,-87.6383,False,173.167.152.209,control
success,United States,Irvine,33.6846,-117.827,False,68.127.43.33,control
success,Italy,Rome,41.8905,12.5127,False,80.116.130.24,control
success,Belgium,Liège,50.6337,5.5675,False,213.49.78.31,control
success,United States,Culver,41.2154,-86.4192,False,165.138.192.9,control
success,United States,Muncie,40.171,-85.378,False,68.57.230.53,control
success,Canada,Vancouver,49.2359,-123.153,False,24.86.31.180,control
success,United States,Queens,40.726,-73.848,False,66.108.76.233,control
success,United States,Lafayette,40.4215,-86.8904,False,206.230.6.237,control
success,Finland,Jyväskylä,62.2406,25.7467,False,81.197.5.163,control
success,Chile,Huechuraba,-33.39,-70.6141,False,190.8.100.82,control
success,United Kingdom,City of London,51.5121,-0.0005238,False,204.39.61.253,control
success,United Kingdom,Wakefield,53.6568,-1.4484,False,84.69.230.189,control
success,Turkey,Kırklareli,41.7355,27.2244,False,88.251.252.169,control
success,United States,Dallas,32.8131,-96.8141,False,76.185.117.97,control
success,United States,Brooklyn,40.5978,-74.0001,False,72.89.244.148,control
success,Turkey,Esenler,41.0605,28.8463,False,94.120.154.78,control
success,United States,Herndon,38.9251,-77.392,False,67.204.10.163,control
success,Latvia,Riga,56.9473,24.0979,False,90.130.134.49,control
success,Canada,Etobicoke,43.7137,-79.5964,False,65.95.207.193,control
success,Canada,Kingston,44.2983,-76.4323,False,130.15.162.49,control
success,Australia,Melbourne,-37.8136,144.963,False,210.49.196.232,control
success,United States,Canton,34.2418,-84.4736,False,66.217.150.41,control
success,Canada,Toronto,43.7114,-79.4462,False,72.137.209.50,control
success,United States,Griffin,33.2541,-84.2735,False,24.98.115.52,control
success,United States,Washington,38.8915,-77.0135,False,169.252.4.21,control
success,Canada,Calgary,50.8805,-113.9523,False,68.144.53.30,control
success,United Kingdom,London,51.5072,-0.127586,False,217.134.86.202,control
success,United States,Ashburn,39.0438,-77.4874,False,69.111.86.179,control
success,Türkiye,Istanbul,41.0551,28.9347,False,85.96.11.162,control
success,United States,Boston,42.3252,-71.0951,False,151.203.39.9,control
success,United States,Burlington,42.509,-71.1984,False,68.160.181.69,control
success,United States,Hopkinton,42.232,-71.5361,False,151.203.109.139,control
success,United States,Hyde Park,42.2506,-71.1286,False,141.154.30.120,control
success,United States,Lowell,42.6582,-71.3058,False,68.160.152.109,control
success,United States,Boston,42.2904,-71.0712,False,141.154.47.157,control
success,United States,Hopkinton,42.232,-71.5361,False,151.203.123.189,control
success,United States,Boston,42.2904,-71.0712,False,141.154.121.149,control
success,United States,North Andover,42.6821,-71.1116,False,151.203.119.117,control
success,United States,Boston,42.3252,-71.0951,False,151.203.45.81,control
success,Canada,Calgary,50.9899,-114.1574,False,192.139.27.18,control
success,Russia,St Petersburg,59.9353,30.3431,False,194.150.174.4,control
success,United States,Boston,42.3252,-71.0951,False,151.203.50.144,control
success,Germany,Darmstadt,49.8722,8.6693,False,130.83.244.129,control
success,Turkey,Diyarbakır,37.925,40.211,False,81.213.2.7,control
success,Russia,Moscow,55.7487,37.6187,False,83.237.241.50,control
success,Turkey,Diyarbakır,37.925,40.211,False,81.213.0.74,control
success,Portugal,Queluz,38.7584,-9.2495,False,85.138.172.195,control
success,Italy,Rome,41.8905,12.5127,False,80.181.235.120,control
success,Saudi Arabia,Riyadh,24.7136,46.6753,False,212.76.72.251,control
success,United States,Visalia,36.3528,-119.3007,False,71.133.42.46,control
success,Canada,Montreal,45.5154,-73.5822,False,65.94.222.137,control
success,United States,Van Nuys,34.1887,-118.4487,False,166.171.120.16,control
success,United States,San Francisco,37.7933,-122.403,False,151.151.109.23,control
success,United States,Gilmanton,43.4175,-71.4121,False,65.175.198.167,control
success,United States,Reston,38.9609,-77.3429,False,151.188.16.33,control
success,United Kingdom,Brentwood,51.6205,0.307175,False,62.31.55.223,control
success,United States,Santa Cruz,36.9689,-121.9903,False,24.6.89.9,control
success,United Kingdom,Slough,51.5563,-0.5982,False,81.98.191.31,control
success,United States,Seattle,47.6062,-122.332,False,68.238.134.206,control
success,United States,Malden,42.428,-71.0618,False,24.147.124.91,control
success,United States,Dover,40.9241,-74.5464,False,69.116.155.49,control
success,United States,San Jose,37.3073,-121.8076,False,205.174.240.4,control
success,United States,Harker Heights,31.0835,-97.6597,False,66.25.143.67,control
success,United States,Great Falls,47.5112,-111.266,False,63.227.170.119,control
success,United Kingdom,Oxford,51.7344,-1.333,False,129.67.108.19,control
success,United States,Austin,30.2625,-97.7463,False,12.171.188.27,control
success,United States,Indianapolis,39.8238,-86.1407,False,69.223.52.187,control
success,United Kingdom,Sheffield,53.4293,-1.4635,False,82.26.42.89,control
success,United States,Burke,38.7913,-77.2806,False,68.98.169.246,control
success,United Kingdom,London,51.5074,-0.127758,False,80.254.147.36,control
success,Ukraine,Lviv,49.8397,24.0297,False,188.230.29.53,control
success,New Zealand,Auckland,-36.8542,174.764,False,210.55.16.226,control
success,Taiwan,Hsinchu,24.8065,120.9706,False,140.113.214.133,control
success,United States,Ashland,42.1946,-122.7095,False,96.39.190.132,control
success,Egypt,Cairo,30.0507,31.2489,False,41.69.39.148,control
success,United States,Cedar Rapids,42.0301,-91.6366,False,205.175.225.22,control
success,United States,Lillington,35.332,-78.9212,False,71.217.223.39,control
success,Canada,Toronto,43.6532,-79.3832,False,198.169.169.32,control
success,Lebanon,Beirut,33.8966,35.4823,False,80.81.159.19,control
success,United States,Schuylerville,43.0911,-73.6039,False,66.67.106.223,control
success,United States,New York,40.7306,-73.9915,False,152.163.100.73,control
success,Norway,Helgeroa,59.2064,9.9605,False,62.92.82.16,control
success,United States,Monroe,35.0221,-80.5318,False,71.75.238.76,control
success,United States,Freeland,41.0255,-75.8834,False,71.102.10.169,control
success,United States,Aurora,39.6253,-104.7863,False,24.8.34.13,control
success,Romania,Bacau,46.5701,26.9124,False,213.164.241.16,control
success,United States,Phoenix,33.4484,-112.074,False,130.13.103.244,control
success,Poland,Kielce,50.8837,20.5889,False,80.48.248.67,control
success,Poland,Warsaw,52.2297,21.0122,False,212.76.33.65,control
success,The Netherlands,Amsterdam,52.3367,4.86899,False,167.202.196.72,control
success,Latvia,Riga,56.9891,24.1195,False,159.148.174.220,control
success,Australia,Adelaide,-34.9227,138.61,False,203.20.76.136,control
success,Russia,Moscow,55.7487,37.6187,False,178.215.113.213,control
success,Italy,Fiesole,43.8091,11.2917,False,192.167.87.228,control
success,United States,Basking Ridge,40.7062,-74.5493,False,24.45.77.205,control
success,Russia,Omsk,54.9896,73.3729,False,188.232.123.98,control
success,United Kingdom,Hatfield,51.7682,-0.235824,False,193.35.132.46,control
success,United States,Redmond,47.6694,-122.122,False,65.6.195.177,control
success,Ukraine,Kyiv,50.4541,30.6145,False,212.87.174.171,control
success,United States,Vienna,38.8978,-77.2885,False,70.108.253.23,control
success,United States,Redmond,47.6733,-122.129,False,199.237.163.9,control
success,United States,Lawrence,38.9683,-95.2695,False,129.237.156.112,control
success,United States,Atlanta,33.7485,-84.3871,False,12.101.15.179,control
success,Netherlands,Amsterdam,52.3675,4.9041,False,74.118.139.26,control
success,Hong Kong,Central,22.2836,114.16,False,219.77.7.71,control
success,United States,Orlando,28.5504,-81.1833,False,67.8.26.102,control
success,Portugal,Lisbon,38.7219,-9.1398,False,2001:690:2100:1e:d8fa:d6e5:c94f:1325,control
success,Ireland,Dublin,53.3066,-6.296,False,83.70.253.165,control
success,Ireland,Dublin,53.3066,-6.296,False,83.70.243.64,control
success,Portugal,Lisbon,38.7219,-9.1398,False,2001:690:2100:1e:b1ba:d566:31dd:4e2f,control
success,Poland,Pruszków,52.1695,20.8076,False,193.0.116.21,control
success,United Kingdom,Manchester,53.5039,-2.1959,False,86.139.85.220,control
success,United States,Lanham,38.9705,-76.8388,False,96.231.207.26,control
success,Russia,Omsk,54.9914,73.3645,False,176.59.179.228,control
success,United Kingdom,Windygates,56.1955,-3.05274,False,2.28.10.183,control
success,United States,Syracuse,43.0188,-76.165,False,141.149.187.165,test
success,Ukraine,Cherkasy,49.4345,32.0541,False,94.178.235.125,test
success,United Kingdom,Coventry,52.4214,-1.5674,False,213.78.80.38,test
success,United States,San Antonio,29.4167,-98.5,False,172.202.173.230,test
success,Ukraine,Kyiv,50.458,30.5303,False,82.144.200.5,test
success,Germany,Giessen,50.5692,8.6489,False,134.176.66.174,test
success,United Kingdom,Hoddesdon,51.7594,-0.0168,False,194.74.176.98,test
success,United States,Hollister,36.6127,-93.2336,False,72.161.211.139,test
success,South Korea,Bucheon-si,37.4795,126.7852,False,61.102.45.248,test
success,Canada,Toronto,43.6447,-79.3838,False,207.112.30.60,test
success,United States,New York,40.7128,-74.006,False,209.244.188.196,test
success,China,Yangpu,31.2553,121.556,False,210.13.96.76,test
success,United States,Seattle,47.4815,-122.246,False,77.122.72.181,test
success,Canada,Edmonton,53.5639,-113.4033,False,174.3.111.148,test
success,Ukraine,Odesa,46.4752,30.7338,False,91.90.13.169,test
success,Ireland,Dublin,53.3478,-6.2597,False,98.71.105.94,test
success,Germany,Giessen,50.5692,8.6489,False,134.176.204.181,test
success,Estonia,Tallinn,59.4381,24.7369,False,89.235.213.96,test
success,Canada,Kingston,44.2454,-76.5813,False,67.193.142.54,test
success,Türkiye,Istanbul,41.0146,28.9532,False,95.14.70.121,test
success,Canada,Port Hope,44.0168,-78.3995,False,174.89.174.215,test
success,United States,Watertown,42.3725,-71.1814,False,50.198.120.29,test
success,Australia,Melbourne,-37.8647,145.0279,False,203.36.44.11,test
success,Switzerland,Bern,46.948,7.44745,False,83.137.81.58,test
success,United States,New York,40.7128,-74.006,False,71.240.66.196,test
success,United States,Trenton,40.1683,-74.6533,False,24.185.36.227,test
success,United States,Fort Collins,40.597,-105.0589,False,67.134.174.54,test
success,Canada,Montreal,45.5312,-73.5863,False,173.206.225.216,test
success,United States,Lansing,42.6791,-84.5767,False,68.32.191.205,test
success,United States,Chicago,41.945,-87.7996,False,99.90.196.227,test
success,United States,Gainesville,38.8184,-77.6202,False,24.126.41.116,test
success,Sweden,Stockholm,59.3326,18.0651,False,83.249.75.80,test
success,United States,Alpharetta,34.024,-84.2396,False,24.98.242.7,test
success,United States,Sacramento,38.687,-121.3477,False,67.161.165.120,test
success,Estonia,Tallinn,59.4381,24.7369,False,82.131.22.177,test
success,Romania,Bucharest,44.4794,26.1022,False,193.231.183.45,test
success,United States,Buffalo,42.9767,-78.7959,False,128.205.248.234,test
success,Romania,Oradea,47.0479,21.9189,False,81.196.254.131,test
success,United States,San Antonio,29.4167,-98.5,False,172.215.166.53,test
success,United States,Chicago,41.8486,-87.6288,False,216.47.142.240,test
success,Sweden,Uppsala,59.856,17.6403,False,130.238.65.18,test
success,United States,Foley,30.4026,-87.6882,False,75.175.96.234,test
success,Egypt,Cairo,30.0507,31.2489,False,41.196.55.100,test
success,Portugal,Lisbon,38.7219,-9.1398,False,2001:690:2100:1e:b1ba:d566:31dd:4e2f,test
success,United Kingdom,Newbury,51.4167,-1.31975,False,212.137.36.230,test
success,United States,Kanab,37.0487,-112.5174,False,216.241.207.54,test
success,United States,Wheeling,40.064,-80.7209,False,168.216.133.7,test
success,United States,New York,40.7653,-73.9589,False,24.90.103.25,test
success,Canada,Golden,51.298,-116.9611,False,24.207.56.248,test
success,United States,South San Francisco,37.6538,-122.4257,False,71.198.232.146,test
success,Ukraine,Kyiv,50.5087,30.6,False,93.73.13.209,test
success,Germany,Birkenheide,49.4781,8.2652,False,82.82.129.206,test
success,Poland,Raszyn,52.1593,20.9171,False,83.16.78.126,test
success,Lithuania,Kaunas,54.9048,23.8958,False,78.61.34.186,test
success,Lithuania,Vilnius,54.6876,25.2806,False,5.20.209.160,test
success,Russia,Krasnodar,45.0355,38.975,False,85.26.183.193,test
success,United States,Delaware,40.2938,-83.0744,False,74.33.74.198,test
success,Armenia,Yerevan,40.1772,44.526,False,46.162.242.242,test
success,United States,Atlanta,33.7488,-84.3877,False,64.134.237.5,test
success,Russia,Moscow,55.8027,37.554,False,194.186.201.46,test
success,United States,Dallas,32.814,-96.8378,False,172.13.29.66,test
success,Canada,Creemore,44.327,-80.1075,False,64.229.226.221,test
success,Spain,Madrid,40.4092,-3.6455,False,84.127.205.18,test
success,Ukraine,Kyiv,50.458,30.5303,False,94.45.41.86,test
success,United States,Champaign,40.112,-88.2365,False,130.126.255.251,test
success,Italy,Rome,41.8905,12.5127,False,88.45.223.163,test
success,Germany,Ahrensburg,53.6788,10.2263,False,2a02:8108:400:3f24:cc44:ca72:908e:85c5,test
success,Norway,Oslo,59.9133,10.7389,False,46.9.242.6,test
success,United States,New York,40.7961,-73.9513,False,66.108.184.225,test
success,United Kingdom,Romford,51.5752,0.1875,False,86.6.32.81,test
success,United States,Omaha,41.2592,-96.1722,False,98.179.12.2,test
success,United Kingdom,Chatham,51.3846,0.517,False,82.20.57.197,test
success,Germany,Beratzhausen,49.0934,11.8134,False,91.56.229.52,test
success,Australia,Melbourne,-37.8159,144.9669,False,180.149.192.132,test
success,United States,Northlake,41.9173,-87.8956,False,2601:c:5280:588:ddde:867d:ec35:a76e,test
success,United States,Downingtown,40.0146,-75.7136,False,98.114.142.30,test
success,India,Guwahati,26.1885,91.7392,False,115.242.162.64,test
success,United Kingdom,City of London,51.5164,-0.093,False,86.155.52.138,test
success,Serbia,Kraljevo,43.7224,20.6831,False,95.180.69.252,test
success,United Kingdom,Bradford,53.7678,-1.7811,False,2.121.121.133,test
success,Norway,Heimdal,63.3499,10.3634,False,84.209.85.117,test
success,Australia,Perth,-31.8819,115.999,False,147.69.11.14,test
success,India,Chennai,13.0895,80.2739,False,183.83.189.151,test
success,Australia,Sydney,-33.8672,151.1997,False,110.33.165.120,test
success,Russia,Tula,54.2047,37.6096,False,176.213.63.96,test
success,Ukraine,Simferopol,44.9607,34.1051,False,88.135.114.217,test
success,Ukraine,Kyiv,50.458,30.5303,False,46.164.174.162,test
success,Russia,Moscow,55.7487,37.6187,False,95.72.210.189,test
success,Lithuania,Kaunas,54.9048,23.8958,False,193.219.166.205,test
success,United States,Olney,39.1585,-77.0837,False,108.51.133.164,test
success,United Kingdom,Greenock,55.9519,-4.748,False,2.28.11.74,test
success,Russia,Moscow,55.7558,37.6173,False,178.213.248.233,test
success,United States,Baltimore,39.3645,-76.6069,False,71.166.185.218,test
success,Israel,Tel Aviv,32.0804,34.7807,False,84.110.212.206,test
success,Russia,Moscow,55.6843,37.6269,False,91.123.18.167,test
success,Germany,Essen,51.4576,7.02246,False,217.160.63.2,test
success,United Kingdom,Belfast,54.58,-5.928,False,86.30.245.96,test
success,United States,Elmont,40.6981,-73.7053,False,68.193.64.141,test
success,Canada,Montreal,45.5075,-73.5887,False,96.22.209.122,test
success,United States,Bismarck,34.3162,-93.1707,False,199.68.160.215,test
success,Russia,Moscow,55.7487,37.6187,False,188.123.241.210,test
success,Austria,Klagenfurt,46.6233,14.2999,False,212.17.121.51,test
success,Russia,Moscow,55.7569,37.7005,False,128.69.29.227,test
success,Russia,Moscow,55.7487,37.6187,False,89.189.103.221,test
success,United States,Washington,38.9072,-77.0369,False,206.128.131.14,test
success,Italy,Genoa,44.4071,8.95,False,2.225.37.205,test
success,United Kingdom,City of London,51.5164,-0.093,False,86.157.130.145,test
success,Russia,Moscow,55.7487,37.6187,False,213.87.136.120,test
success,Iceland,Hafnarfjordur,64.0677,-21.9453,False,85.220.65.176,test
success,United States,Salt Lake City,40.7592,-111.8875,False,178.93.8.198,test
success,Canada,Toronto,43.709,-79.4057,False,198.96.85.105,test
success,United Kingdom,Bristol,51.4769,-2.5534,False,2.120.168.248,test
success,United Kingdom,Luton,51.9142,-0.3716,False,78.148.233.148,test
success,Russia,Moscow,55.7487,37.6187,False,77.50.154.202,test
success,United Kingdom,Bath,51.394,-2.3227,False,109.148.23.150,test
success,Russia,Moscow,55.7993,37.5558,False,217.118.81.18,test
success,United Kingdom,Mansfield,53.1369,-1.1995,False,109.157.60.182,test
success,United Arab Emirates,Dubai,25.0734,55.2979,False,86.97.92.222,test
success,Germany,Leipzig,51.3385,12.377,False,141.39.226.225,test
success,Russia,Moscow,55.7993,37.5558,False,217.118.81.26,test
success,United States,Seattle,47.5461,-122.3723,False,67.183.137.61,test
success,United Kingdom,Ilford,51.5564,0.0715,False,109.151.61.189,test
success,Russia,Moscow,55.7993,37.5558,False,217.118.81.28,test
success,Russia,Krasnoyarsk,56.0359,92.8993,False,195.218.183.9,test
success,Germany,Dortmund,51.4978,7.4698,False,2a02:908:e628:35a0:8d0f:629d:8f23:c3b,test
success,Russia,St Petersburg,59.8983,30.2618,False,5.18.42.7,test
success,United States,Elk River,45.3038,-93.5672,False,71.10.101.175,test
success,United Kingdom,Rotherham,53.4558,-1.3756,False,77.98.32.70,test
success,United States,Hollywood,25.992,-80.2702,False,174.48.31.149,test
success,Argentina,Funes,-32.909,-60.8195,False,190.188.170.246,test
success,United States,Arlington,43.338,-89.3804,False,174.124.93.15,test
success,India,Pune,18.5204,73.8567,False,49.200.246.50,test
success,Russia,Donskoy,53.9658,38.3247,False,188.168.248.252,test
success,United States,Washington,38.8842,-76.9941,False,143.231.249.138,test
success,Russia,Perm,57.9909,56.2054,False,109.124.55.136,test
success,Russia,Cherepovets,59.1264,37.9012,False,93.80.124.54,test
success,United States,Chicago,41.8781,-87.6298,True,81.171.98.15,test
success,Russia,Moscow,55.7569,37.7005,False,128.69.21.88,test
success,Lithuania,Klaipėda,55.7158,21.111,False,78.58.188.56,test
success,United States,Woodbridge,38.6438,-77.3451,False,96.255.55.159,test
success,Canada,Port Hardy,50.7133,-127.5032,False,70.66.19.223,test
success,Russia,Nizhniy Novgorod,56.3241,43.9524,False,149.62.21.189,test
success,United States,Huachuca City,31.6279,-110.334,False,64.68.251.210,test
success,Russia,Moscow,55.7993,37.5558,False,217.118.81.19,test
success,Russia,Moscow,55.7993,37.5558,False,217.118.81.24,test
success,Russia,Moscow,55.7993,37.5558,False,217.118.81.17,test
success,The Netherlands,Zaandam,52.4363,4.8277,False,77.251.48.165,test
success,Russia,Moscow,55.7558,37.6173,False,178.219.32.44,test
success,Russia,Moscow,55.7487,37.6187,False,95.73.182.33,test
success,Ukraine,Kostyantynivka,48.5229,37.7047,False,193.227.250.246,test
success,Australia,Melbourne,-37.8159,144.9669,False,180.149.192.134,test
success,Australia,Sydney,-33.8148,151.1723,False,106.69.87.56,test
success,United States,Hyattsville,39.0005,-76.9712,False,71.191.189.195,test
success,United States,Ashburn,39.0113,-77.4713,False,96.248.226.224,test
success,Canada,Montreal,45.632,-73.5839,False,23.91.239.154,test
success,Russia,Moscow,55.7993,37.5558,False,217.118.81.22,test
success,Russia,Moscow,55.7993,37.5558,False,217.118.81.21,test
success,Russia,Perm,58.0047,56.2514,False,93.80.11.233,test
success,United States,Peru,40.7494,-86.0686,False,68.39.174.205,test
success,United States,Alexandria,38.8078,-77.0523,False,76.106.103.106,test
success,United States,Harrisburg,40.2927,-76.817,False,173.163.123.30,test
success,United States,Tysons Corner,38.9249,-77.2367,False,72.37.249.132,test
success,United States,Englewood,39.6511,-104.9921,False,216.170.243.128,test
success,Poland,Warsaw,52.2297,21.0122,False,212.76.39.4,test
success,United Kingdom,Camden,51.5435,-0.1733,False,86.130.54.113,test
success,United States,Stillwater,36.1021,-97.0636,False,69.8.45.186,test
success,United States,Norfolk,36.8797,-76.2644,False,68.225.189.99,test
success,United States,La Vista,41.1839,-96.0311,False,205.202.240.104,test
success,Germany,Berlin,52.5203,13.3849,False,141.20.150.230,test
success,Australia,North Sydney,-33.8392,151.207,False,202.4.81.78,test
success,United States,Ann Arbor,42.2807,-83.7801,False,141.214.17.242,test
success,United States,Saint Paul,45.08,-93.0227,False,134.84.86.55,test
success,United States,Potsdam,44.6611,-74.9708,False,209.23.49.180,test
success,United States,Minneapolis,44.9764,-93.224,False,134.84.5.107,test
success,Ireland,Dublin,53.3037,-6.1831,False,109.76.120.200,test
success,Singapore,Singapore,1.283,103.833,False,172.188.84.222,test
success,United States,Oakland,37.7834,-122.1862,False,69.209.168.12,test
success,New Zealand,Auckland,-36.7846,174.753,False,203.79.114.232,test
success,Germany,Frankfurt am Main,50.1038,8.6874,False,141.2.48.127,test
success,Moldova,Chisinau,47.0042,28.8574,False,217.26.170.103,test
success,United States,Demorest,34.5651,-83.5452,False,168.8.187.5,test
success,United States,Gary,41.5876,-87.3727,False,24.13.155.130,test
success,United States,Atkinson,42.8392,-71.1529,False,24.34.69.56,test
success,United States,Waukesha,43.014,-88.2783,False,24.209.170.77,test
success,United States,Hingham,42.2229,-70.8819,False,24.91.32.171,test
success,United States,Queens,40.726,-73.848,False,165.155.160.122,test
success,United States,Los Angeles,34.1027,-118.2231,False,172.249.189.65,test
success,Germany,Sulzbach,50.1323,8.51633,False,145.254.50.222,test
success,United States,New City,41.1462,-73.9966,False,166.109.0.60,test
success,United States,Sparta,41.0287,-74.6429,False,63.133.237.1,test
success,United States,Englewood,39.6402,-104.9621,False,205.169.164.67,test
success,Ukraine,Odesa,46.4752,30.7338,False,195.66.199.218,test
success,Israel,Giv'at Hayyim Me'uhad,32.3925,34.9241,False,212.199.145.131,test
success,Canada,Goderich,43.7501,-81.7165,False,216.46.149.206,test
success,United States,Ashburn,39.0438,-77.4874,False,165.247.41.161,test
success,Australia,Melbourne,-37.7791,145.3265,False,138.130.90.250,test
success,Russia,Moscow,55.7674,37.6184,False,91.77.165.153,test
success,India,Pune,18.5204,73.8567,False,49.200.243.117,test
success,Vietnam,Ho Chi Minh City,10.822,106.6257,False,222.255.207.131,test
success,United Kingdom,Norwich,52.6027,1.2542,False,139.222.237.180,test
success,Ukraine,Odesa,46.4752,30.7338,False,212.178.10.86,test
success,Taiwan,New Taipei City,25.0693,121.4626,False,114.25.11.77,test
success,Switzerland,Zurich,47.3619,8.50966,False,62.203.79.225,test
success,United States,Patchogue,40.7657,-73.0151,False,170.161.67.42,test
success,United States,Newark,40.7357,-74.1724,False,207.101.91.210,test
success,United States,Springfield,37.2117,-93.299,False,204.184.214.220,test
success,Canada,Edmonton,53.5534,-113.4982,False,199.185.67.20,test
success,Ukraine,Kyiv,50.4501,30.5234,False,134.249.81.169,test
success,Italy,Camastra,37.2564,13.7958,False,79.10.148.72,test
success,Italy,Novara,45.4458,8.6161,False,87.13.111.236,test
success,Thailand,Samphanthawong,13.737,100.512,False,61.91.205.142,test
success,United Kingdom,Oldham,53.5249,-2.1189,False,62.231.148.190,test
success,Canada,Edmonton,53.5639,-113.4033,False,174.3.101.61,test
success,Canada,North Bay,46.3364,-79.583,False,67.71.125.229,test
success,United Kingdom,Banchory,57.0517,-2.4882,False,92.8.68.121,test
success,United Kingdom,West Ealing,51.5135,-0.3229,False,81.134.54.218,test
success,United States,Lumberton,39.9663,-74.8103,False,72.82.175.248,test
success,United Kingdom,City of London,51.5113,-0.079212,False,4.250.168.159,test
success,United States,Oakland,37.7834,-122.1862,False,69.209.199.131,test
success,Latvia,Daugavpils,55.8822,26.5268,False,78.84.37.136,test
success,United Kingdom,Manchester,53.5039,-2.1959,False,86.139.85.220,test
success,United States,Ashburn,39.011,-77.4711,False,72.91.95.120,test
success,United Kingdom,London,51.5183,-0.120905,False,195.157.146.246,test
success,United States,McMinnville,35.6861,-85.7746,False,64.63.246.244,test
success,United States,Williamstown,42.7128,-73.203,False,137.165.200.34,test
success,Italy,Modena,44.6534,10.9231,False,151.42.110.55,test
success,United Kingdom,Borehamwood,51.6524,-0.2752,False,80.168.225.12,test
success,United States,Saint Paul,44.9676,-93.1992,False,63.226.152.68,test
success,Australia,Melbourne,-38.1131,145.2775,False,124.190.40.8,test
success,United States,Ashburn,39.0113,-77.4713,False,151.201.48.187,test
success,United States,Middletown,41.5557,-72.6632,False,2601:181:4600:1708:355e:7b1d:d978:d279,test
success,United States,East Meadow,40.713,-73.5597,False,47.20.191.200,test
success,United States,Merrimack,42.8651,-71.4934,False,70.109.191.30,test
success,United States,Altoona,40.5222,-78.4034,False,24.145.10.176,test
success,Brazil,São Paulo,-23.6293,-46.6351,False,201.1.172.177,test
success,United States,Cleveland,41.4377,-81.8088,False,76.190.133.47,test
success,United States,Ashburn,39.011,-77.4711,False,71.189.127.239,test
success,United States,San Antonio,29.521,-98.362,False,108.228.117.234,test
success,United States,Brooklyn,40.6375,-74.0216,False,74.72.185.155,test
success,Costa Rica,San Isidro,9.3633,-83.7029,False,190.10.0.111,test
success,Canada,Edmonton,53.5534,-113.4982,False,199.185.67.18,test
success,Turkey,Esenler,41.0605,28.8463,False,94.120.156.50,test
success,United States,Worcester,42.2917,-71.7858,False,71.174.63.162,test
success,United States,Ardmore,40.0101,-75.2796,False,4.43.67.130,test
success,United Kingdom,London,51.5072,-0.127586,False,217.134.90.150,test
success,United States,Boston,42.3252,-71.0951,False,151.203.20.54,test
success,United States,Jamaica Plain,42.3162,-71.1198,False,151.203.251.199,test
success,United States,Boston,42.3252,-71.0951,False,151.203.50.144,test
success,United States,Jamaica Plain,42.3162,-71.1198,False,151.203.253.194,test
success,United States,Boston,42.3601,-71.0589,False,141.154.252.174,test
success,United States,Chicago,41.946,-87.7033,False,216.47.153.44,test
success,United States,Seattle,47.4815,-122.246,False,76.223.78.139,test
success,United States,New Orleans,29.953,-90.0764,False,207.105.227.2,test
success,Canada,Brampton,43.7627,-79.7606,False,65.92.58.206,test
success,United States,Laurelton,40.0881,-74.1195,False,68.83.82.167,test
success,United Kingdom,Bristol,51.4769,-2.5534,False,80.3.0.40,test
success,United States,Dallas,32.9339,-96.828,False,69.93.63.178,test
success,United States,Show Low,34.2998,-110.0,False,72.24.251.93,test
success,Russia,Kazan',55.785,49.1178,False,188.234.20.7,test
success,United Kingdom,Coventry,52.3958,-1.4796,False,86.128.149.43,test
success,Japan,Minamiashigara,35.3206,139.1147,False,124.209.221.138,test
success,United States,San Jose,37.2318,-121.782,False,216.177.129.194,test
success,United Kingdom,London,51.5072,-0.127586,False,92.4.133.207,test
success,Poland,Pruszków,52.1695,20.8076,False,193.0.116.21,test
success,United Kingdom,Windygates,56.1955,-3.05274,False,2.28.10.201,test
success,Canada,Newmarket,44.0418,-79.4947,False,65.93.43.212,test
